StockCode,StockDescription,SpeciesName1,EcoRegion,ActiveYear1,ExpertGroup
agn.27.nea,"Angel shark (Squatina squatina) in subareas 1-10, 12 and 14 (the Northeast Atlantic and adjacent waters)",Squatina squatina,"Arctic Ocean Ecoregion, Azores Ecoregion, Bay of Biscay and the Iberian Coast Ecoregion, Barents Sea Ecoregion, Celtic Seas Ecoregion, Faroes Ecoregion, Greenland Sea Ecoregion, Iceland Sea Ecoregion, Greater North Sea Ecoregion, Norwegian Sea Ecoregion, Oceanic Northeast Atlantic Ecoregion",2022,WGEF
alf.27.nea,"Alfonsinos (Beryx spp.) in subareas 1-10, 12 and 14 (the Northeast Atlantic and adjacent waters)",Beryx,"Arctic Ocean Ecoregion, Azores Ecoregion, Bay of Biscay and the Iberian Coast Ecoregion, Barents Sea Ecoregion, Celtic Seas Ecoregion, Faroes Ecoregion, Greenland Sea Ecoregion, Iceland Sea Ecoregion, Greater North Sea Ecoregion, Norwegian Sea Ecoregion, Oceanic Northeast Atlantic Ecoregion",2022,WGDEEP
ane.27.8,Anchovy (Engraulis encrasicolus) in Subarea 8 (Bay of Biscay),Engraulis encrasicolus,"Bay of Biscay and the Iberian Coast Ecoregion, Oceanic Northeast Atlantic Ecoregion",2022,WGHANSA
ane.27.9a,Anchovy (Engraulis encrasicolus) in Division 9.a (Atlantic Iberian waters),Engraulis encrasicolus,Bay of Biscay and the Iberian Coast Ecoregion,2022,WGHANSA
anf.27.1-2,"Anglerfish (Lophius budegassa, Lophius piscatorius) in subareas 1 and 2 (Northeast Arctic)","Lophius budegassa, Lophius piscatorius","Arctic Ocean Ecoregion, Barents Sea Ecoregion, Faroes Ecoregion, Greenland Sea Ecoregion, Iceland Sea Ecoregion, Norwegian Sea Ecoregion",2022,AFWG
anf.27.3a46,"Anglerfish (Lophius budegassa, Lophius piscatorius) in Subareas 4 and 6, and Division 3.a (North Sea, Rockall and West of Scotland, Skagerrak and Kattegat)","Lophius budegassa, Lophius piscatorius","Celtic Seas Ecoregion, Faroes Ecoregion, Greater North Sea Ecoregion, Oceanic Northeast Atlantic Ecoregion",2022,WGCSE
ank.27.78abd,"Black-bellied anglerfish (Lophius budegassa) in Subarea 7 and divisions 8.a-b and 8.d (Celtic Seas, Bay of Biscay)",Lophius budegassa,"Bay of Biscay and the Iberian Coast Ecoregion, Celtic Seas Ecoregion, Greater North Sea Ecoregion, Oceanic Northeast Atlantic Ecoregion",2022,WGBIE
ank.27.8c9a,"Black-bellied anglerfish (Lophius budegassa) in divisions 8.c and 9.a (Cantabrian Sea, Atlantic Iberian waters)",Lophius budegassa,Bay of Biscay and the Iberian Coast Ecoregion,2022,WGBIE
aru.27.123a4,"Greater silver smelt (Argentina silus) in subareas 1, 2, and 4, and in Division 3.a (Northeast Arctic, North Sea, Skagerrak and Kattegat)",Argentina silus,"Arctic Ocean Ecoregion, Barents Sea Ecoregion, Greater North Sea Ecoregion, Norwegian Sea Ecoregion",2022,WGDEEP
aru.27.5a14,Greater silver smelt (Argentina silus) in Subarea 14 and Division 5.a (East Greenland and Iceland grounds),Argentina silus,"Greenland Sea Ecoregion, Iceland Sea Ecoregion",2022,WGDEEP
aru.27.5b6a,Greater silver smelt (Argentina silus) in divisions 5.b and 6.a (Faroes grounds and west of Scotland),Argentina silus,"Celtic Seas Ecoregion, Faroes Ecoregion",2022,WGDEEP
aru.27.6b7-1012,"Greater silver smelt (Argentina silus) in subareas 7-10 and 12, and Division 6.b (other areas)",Argentina silus,"Azores Ecoregion, Bay of Biscay and the Iberian Coast Ecoregion, Celtic Seas Ecoregion, Greenland Sea Ecoregion, Iceland Sea Ecoregion, Greater North Sea Ecoregion, Oceanic Northeast Atlantic Ecoregion",2022,WGDEEP
bli.27.5a14,Blue ling (Molva dypterygia) in Subarea 14 and Division 5.a (East Greenland and Iceland grounds),Molva dypterygia,"Greenland Sea Ecoregion, Iceland Sea Ecoregion",2022,WGDEEP
bli.27.5b67,Blue ling (Molva dypterygia) in subareas 6-7 and Division 5.b (Celtic Seas and Faroes grounds),Molva dypterygia,"Celtic Seas Ecoregion, Faroes Ecoregion, Iceland Sea Ecoregion, Greater North Sea Ecoregion, Oceanic Northeast Atlantic Ecoregion",2022,WGDEEP
bli.27.nea,"Blue ling (Molva dypterygia) in Subareas 1, 2, 8, 9, and 12, and Divisions 3.a and 4.a (other areas)",Molva dypterygia,"Arctic Ocean Ecoregion, Bay of Biscay and the Iberian Coast Ecoregion, Barents Sea Ecoregion, Celtic Seas Ecoregion, Faroes Ecoregion, Greenland Sea Ecoregion, Iceland Sea Ecoregion, Greater North Sea Ecoregion, Norwegian Sea Ecoregion, Oceanic Northeast Atlantic Ecoregion",2022,WGDEEP
bll.27.22-32,Brill (Scophthalmus rhombus) in subdivisions 22-32 (Baltic Sea),Scophthalmus rhombus,Baltic Sea Ecoregion,2022,WGBFAS
bll.27.3a47de,"Brill (Scophthalmus rhombus) in Subarea 4 and divisions 3.a and 7.d-e (North Sea, Skagerrak and Kattegat, English Channel)",Scophthalmus rhombus,"Celtic Seas Ecoregion, Greater North Sea Ecoregion",2022,WGNSSK
boc.27.6-8,"Boarfish (Capros aper) in subareas 6-8 (Celtic Seas, English Channel, and Bay of Biscay) ",Capros aper,"Bay of Biscay and the Iberian Coast Ecoregion, Celtic Seas Ecoregion, Greater North Sea Ecoregion, Oceanic Northeast Atlantic Ecoregion",2022,WGWIDE
bsf.27.nea,"Black scabbardfish (Aphanopus carbo) in subareas 1, 2, 4-8, 10, and 14, and divisions 3.a, 9.a, and 12.b (Northeast Atlantic and Arctic Ocean) ",Aphanopus carbo,"Arctic Ocean Ecoregion, Azores Ecoregion, Bay of Biscay and the Iberian Coast Ecoregion, Barents Sea Ecoregion, Celtic Seas Ecoregion, Faroes Ecoregion, Greenland Sea Ecoregion, Iceland Sea Ecoregion, Greater North Sea Ecoregion, Norwegian Sea Ecoregion, Oceanic Northeast Atlantic Ecoregion",2022,WGDEEP
bsk.27.nea,"Basking shark (Cetorhinus maximus) in Subareas 1-10, 12 and 14 (Northeast Atlantic and adjacent waters)",Cetorhinus maximus,"Arctic Ocean Ecoregion, Azores Ecoregion, Bay of Biscay and the Iberian Coast Ecoregion, Barents Sea Ecoregion, Celtic Seas Ecoregion, Faroes Ecoregion, Greenland Sea Ecoregion, Iceland Sea Ecoregion, Greater North Sea Ecoregion, Norwegian Sea Ecoregion, Oceanic Northeast Atlantic Ecoregion",2022,WGEF
bss.27.4bc7ad-h,"Seabass (Dicentrarchus labrax) in Divisions 4.b-c, 7.a, and 7.d-h (central and southern North Sea, Irish Sea, English Channel, Bristol Channel, and Celtic Sea)",Dicentrarchus labrax,"Celtic Seas Ecoregion, Greater North Sea Ecoregion",2022,WGCSE
bss.27.6a7bj,"Seabass (Dicentrarchus labrax) in divisions 6.a, 7.b, and 7.j (West of Scotland,  West of Ireland, eastern part of southwest of Ireland)",Dicentrarchus labrax,Celtic Seas Ecoregion,2022,WGCSE
bss.27.8ab,Seabass (Dicentrarchus labrax) in divisions 8.a-b (northern and central Bay of Biscay),Dicentrarchus labrax,Bay of Biscay and the Iberian Coast Ecoregion,2022,WGBIE
bss.27.8c9a,Seabass (Dicentrarchus labrax) in divisions 8.c and 9.a (southern Bay of Biscay and Atlantic Iberian waters),Dicentrarchus labrax,Bay of Biscay and the Iberian Coast Ecoregion,2022,WGBIE
bwp.27.2729-32,Baltic flounder (Platichthys solemdali) in subdivisions 27 and 29–32 (northern central and northern Baltic Sea),Platichthys solemdali,Baltic Sea Ecoregion,2022,WGBFAS
bzq.27.2425,Flounder (Platichthys spp) in subdivisions 24 and 25 (west of Bornholm and southwestern central Baltic),Platichthys,Baltic Sea Ecoregion,2022,WGBFAS
bzq.27.2628,Flounder (Platichthys spp) in subdivisions 26 and 28 (east of Gotland and Gulf of Gdansk),Platichthys,Baltic Sea Ecoregion,2022,WGBFAS
caa.27.5a,Atlantic wolffish (Anarhichas lupus)  in Division 5.a (Iceland grounds),Anarhichas lupus,"Greenland Sea Ecoregion, Iceland Sea Ecoregion",2022,WGDEEP
cap.27.1-2,"Capelin (Mallotus villosus) in subareas 1 and 2 (Northeast Arctic), excluding Division 2.a west of 5°W (Barents Sea capelin)",Mallotus villosus,"Arctic Ocean Ecoregion, Barents Sea Ecoregion, Norwegian Sea Ecoregion",2022,AFWG
cap.27.2a514,"Capelin (Mallotus villosus) in subareas 5 and 14 and Division 2.a west of 5°W (Iceland and Faroes grounds, East Greenland, Jan Mayen area)",Mallotus villosus,"Arctic Ocean Ecoregion, Barents Sea Ecoregion, Celtic Seas Ecoregion, Faroes Ecoregion, Greenland Sea Ecoregion, Iceland Sea Ecoregion, Norwegian Sea Ecoregion, Oceanic Northeast Atlantic Ecoregion",2022,NWWG
cod.21.1,"Cod (Gadus morhua) in NAFO Subarea 1, inshore (West Greenland cod)",Gadus morhua,"Arctic Ocean Ecoregion, Greenland Sea Ecoregion",2022,NWWG
cod.21.1a-e,"Cod (Gadus morhua) in NAFO divisions 1.A-E, offshore (West Greenland)",Gadus morhua,"Arctic Ocean Ecoregion, Greenland Sea Ecoregion",2022,NWWG
cod.2127.1f14,"Cod (Gadus morhua) in ICES Subarea 14 and NAFO Division 1.F (East Greenland, South Greenland)",Gadus morhua,"Arctic Ocean Ecoregion, Greenland Sea Ecoregion, Iceland Sea Ecoregion, Norwegian Sea Ecoregion, Oceanic Northeast Atlantic Ecoregion",2022,NWWG
cod.27.1-2,Cod (Gadus morhua) in subareas 1 and 2 (Northeast Arctic),Gadus morhua,"Arctic Ocean Ecoregion, Barents Sea Ecoregion, Norwegian Sea Ecoregion",2022,AFWG
cod.27.1-2.coastN,"Cod (Gadus morhua) in subareas 1 and 2, north of 67°N (Norwegian Sea and Barents Sea), northern Norwegian coastal cod ",Gadus morhua,"Arctic Ocean Ecoregion, Barents Sea Ecoregion, Norwegian Sea Ecoregion",2022,AFWG
cod.27.2.coastS,"Cod (Gadus morhua) in Subarea 2 between 62°N and 67°N (Norwegian Sea), southern Norwegian coastal cod ",Gadus morhua,Norwegian Sea Ecoregion,2022,AFWG
cod.27.21,Cod (Gadus morhua) in Subdivision 21 (Kattegat),Gadus morhua,Greater North Sea Ecoregion,2022,WGBFAS
cod.27.22-24,"Cod (Gadus morhua) in subdivisions 22-24, western Baltic stock (western Baltic Sea)",Gadus morhua,Baltic Sea Ecoregion,2022,WGBFAS
cod.27.24-32,"Cod (Gadus morhua) in subdivisions 24-32, eastern Baltic stock (eastern Baltic Sea)",Gadus morhua,Baltic Sea Ecoregion,2022,WGBFAS
cod.27.47d20,"Cod (Gadus morhua) in Subarea 4, Division 7.d, and Subdivision 20 (North Sea, eastern English Channel, Skagerrak)",Gadus morhua,Greater North Sea Ecoregion,2022,WGNSSK
cod.27.5a,Cod (Gadus morhua) in Division 5.a (Iceland grounds),Gadus morhua,"Greenland Sea Ecoregion, Iceland Sea Ecoregion",2022,NWWG
cod.27.5b1,Cod (Gadus morhua) in Subdivision 5.b.1 (Faroe Plateau),Gadus morhua,Faroes Ecoregion,2022,NWWG
cod.27.5b2,Cod (Gadus morhua) in Subdivision 5.b.2 (Faroe Bank),Gadus morhua,Faroes Ecoregion,2022,NWWG
cod.27.6a,Cod (Gadus morhua) in Division 6.a (West of Scotland),Gadus morhua,Celtic Seas Ecoregion,2022,WGCSE
cod.27.6b,Cod (Gadus morhua) in Division 6.b (Rockall),Gadus morhua,"Celtic Seas Ecoregion, Oceanic Northeast Atlantic Ecoregion",2022,WGCSE
cod.27.7a,Cod (Gadus morhua) in Division 7.a (Irish Sea),Gadus morhua,Celtic Seas Ecoregion,2022,WGCSE
cod.27.7e-k,Cod (Gadus morhua) in divisions 7.e-k (eastern English Channel and southern Celtic Seas),Gadus morhua,"Celtic Seas Ecoregion, Greater North Sea Ecoregion, Oceanic Northeast Atlantic Ecoregion",2022,WGCSE
cyo.27.nea,"Portuguese dogfish (Centroscymnus coelolepis, Centrophorus squamosus) in subareas 1-10, 12 and 14 (the Northeast Atlantic and adjacent waters)","Centrophorus squamosus, Centroscymnus coelolepis","Arctic Ocean Ecoregion, Azores Ecoregion, Bay of Biscay and the Iberian Coast Ecoregion, Barents Sea Ecoregion, Celtic Seas Ecoregion, Faroes Ecoregion, Greenland Sea Ecoregion, Iceland Sea Ecoregion, Greater North Sea Ecoregion, Norwegian Sea Ecoregion, Oceanic Northeast Atlantic Ecoregion",2022,WGEF
dab.27.22-32,Dab (Limanda limanda) in subdivisions 22-32 (Baltic Sea),Limanda limanda,Baltic Sea Ecoregion,2022,WGBFAS
dab.27.3a4,"Dab (Limanda limanda) in Subarea 4 and Division 3.a (North Sea, Skagerrak and Kattegat)",Limanda limanda,Greater North Sea Ecoregion,2022,WGNSSK
dgs.27.nea,"Spurdog (Squalus acanthias) in Subareas 1-10, 12 and 14 (the Northeast Atlantic and adjacent waters)",Squalus acanthias,"Arctic Ocean Ecoregion, Azores Ecoregion, Bay of Biscay and the Iberian Coast Ecoregion, Barents Sea Ecoregion, Celtic Seas Ecoregion, Faroes Ecoregion, Greenland Sea Ecoregion, Iceland Sea Ecoregion, Greater North Sea Ecoregion, Norwegian Sea Ecoregion, Oceanic Northeast Atlantic Ecoregion",2022,WGEF
ele.2737.nea,European eel (Anguilla anguilla) throughout its natural range,Anguilla anguilla,"Arctic Ocean Ecoregion, Azores Ecoregion, Bay of Biscay and the Iberian Coast Ecoregion, Barents Sea Ecoregion, Baltic Sea Ecoregion, Celtic Seas Ecoregion, Faroes Ecoregion, Greenland Sea Ecoregion, Iceland Sea Ecoregion, Greater North Sea Ecoregion, Norwegian Sea Ecoregion, Oceanic Northeast Atlantic Ecoregion",2022,WGEEL
fle.27.2223,Flounder (Platichthys flesus) in subdivisions 22 and 23 (Belt Seas and the Sound),Platichthys flesus,Baltic Sea Ecoregion,2022,WGBFAS
fle.27.3a4,"Flounder (Platichthys flesus) in Subarea 4 and Division 3.a (North Sea, Skagerrak and Kattegat)",Platichthys flesus,Greater North Sea Ecoregion,2022,WGNSSK
gag.27.nea,"Tope (Galeorhinus galeus) in subareas 1-10, 12 and 14 (the Northeast Atlantic and adjacent waters)",Galeorhinus galeus,"Arctic Ocean Ecoregion, Azores Ecoregion, Bay of Biscay and the Iberian Coast Ecoregion, Barents Sea Ecoregion, Celtic Seas Ecoregion, Faroes Ecoregion, Greenland Sea Ecoregion, Iceland Sea Ecoregion, Greater North Sea Ecoregion, Norwegian Sea Ecoregion, Oceanic Northeast Atlantic Ecoregion",2022,WGEF
gfb.27.nea,"Greater forkbeard (Phycis blennoides) in subareas 1-10, 12 and 14 (the Northeast Atlantic and adjacent waters)",Phycis blennoides,"Arctic Ocean Ecoregion, Azores Ecoregion, Bay of Biscay and the Iberian Coast Ecoregion, Barents Sea Ecoregion, Celtic Seas Ecoregion, Faroes Ecoregion, Greenland Sea Ecoregion, Iceland Sea Ecoregion, Greater North Sea Ecoregion, Norwegian Sea Ecoregion, Oceanic Northeast Atlantic Ecoregion",2022,WGDEEP
ghl.27.1-2,Greenland halibut (Reinhardtius hippoglossoides) in subareas 1 and 2 (Northeast Arctic),Reinhardtius hippoglossoides,"Arctic Ocean Ecoregion, Barents Sea Ecoregion, Norwegian Sea Ecoregion",2022,AFWG
ghl.27.561214,"Greenland halibut (Reinhardtius hippoglossoides) in subareas 5, 6, 12, and 14 (Iceland and Faroes grounds, West of Scotland, North of Azores, East of Greenland)",Reinhardtius hippoglossoides,"Arctic Ocean Ecoregion, Celtic Seas Ecoregion, Faroes Ecoregion, Greenland Sea Ecoregion, Iceland Sea Ecoregion, Norwegian Sea Ecoregion, Oceanic Northeast Atlantic Ecoregion",2022,NWWG
gug.27.3a47d,"Grey gurnard (Eutrigla gurnardus) in Subarea 4 and divisions 7.d and 3.a (North Sea, eastern English Channel, Skagerrak and Kattegat)",Eutrigla gurnardus,Greater North Sea Ecoregion,2022,WGNSSK
guq.27.nea,"Leafscale gulper shark (Centrophorus squamosus) in subareas 1-10, 12 and 14 (the Northeast Atlantic and adjacent waters)",Centrophorus squamosus,"Arctic Ocean Ecoregion, Azores Ecoregion, Bay of Biscay and the Iberian Coast Ecoregion, Barents Sea Ecoregion, Celtic Seas Ecoregion, Faroes Ecoregion, Greenland Sea Ecoregion, Iceland Sea Ecoregion, Greater North Sea Ecoregion, Norwegian Sea Ecoregion, Oceanic Northeast Atlantic Ecoregion",2022,WGEF
gur.27.3-8,Red gurnard (Chelidonichthys cuculus) in subareas 3-8 (Northeast Atlantic),Chelidonichthys cuculus,"Azores Ecoregion, Bay of Biscay and the Iberian Coast Ecoregion, Celtic Seas Ecoregion, Faroes Ecoregion, Greater North Sea Ecoregion, Norwegian Sea Ecoregion, Oceanic Northeast Atlantic Ecoregion",2022,WGWIDE
had.27.1-2,Haddock (Melanogrammus aeglefinus) in subareas 1 and 2 (Northeast Arctic),Melanogrammus aeglefinus,"Arctic Ocean Ecoregion, Barents Sea Ecoregion, Norwegian Sea Ecoregion",2022,AFWG
had.27.46a20,"Haddock (Melanogrammus aeglefinus) in Subarea 4, Division 6.a, and Subdivision 20  (North Sea, West of Scotland, Skagerrak) ",Melanogrammus aeglefinus,"Celtic Seas Ecoregion, Greater North Sea Ecoregion",2022,WGNSSK
had.27.5a,Haddock (Melanogrammus aeglefinus) in Division 5.a (Iceland grounds),Melanogrammus aeglefinus,"Greenland Sea Ecoregion, Iceland Sea Ecoregion",2022,NWWG
had.27.5b,Haddock (Melanogrammus aeglefinus) in Division 5.b (Faroes grounds),Melanogrammus aeglefinus,Faroes Ecoregion,2022,NWWG
had.27.6b,Haddock (Melanogrammus aeglefinus) in Division 6.b (Rockall),Melanogrammus aeglefinus,"Celtic Seas Ecoregion, Oceanic Northeast Atlantic Ecoregion",2022,WGCSE
had.27.7a,Haddock (Melanogrammus aeglefinus) in Division 7.a (Irish Sea),Melanogrammus aeglefinus,Celtic Seas Ecoregion,2022,WGCSE
had.27.7b-k,Haddock (Melanogrammus aeglefinus) in Divisions 7.b-k (southern Celtic Seas and English Channel),Melanogrammus aeglefinus,"Celtic Seas Ecoregion, Greater North Sea Ecoregion, Oceanic Northeast Atlantic Ecoregion",2022,WGCSE
her.27.1-24a514a,"Herring (Clupea harengus) in subareas 1, 2, 5 and divisions 4.a and 14.a, Norwegian spring-spawning herring (the Northeast Atlantic and Arctic Ocean)",Clupea harengus,"Arctic Ocean Ecoregion, Barents Sea Ecoregion, Celtic Seas Ecoregion, Faroes Ecoregion, Greenland Sea Ecoregion, Iceland Sea Ecoregion, Greater North Sea Ecoregion, Norwegian Sea Ecoregion, Oceanic Northeast Atlantic Ecoregion",2022,WGWIDE
her.27.20-24,"Herring (Clupea harengus) in subdivisions 20-24, spring spawners (Skagerrak, Kattegat, and western Baltic)",Clupea harengus,"Baltic Sea Ecoregion, Greater North Sea Ecoregion",2022,HAWG
her.27.25-2932,"Herring (Clupea harengus) in subdivisions 25-29 and 32, excluding the Gulf of Riga (central Baltic Sea)",Clupea harengus,Baltic Sea Ecoregion,2022,WGBFAS
her.27.28,Herring (Clupea harengus) in Subdivision 28.1 (Gulf of Riga),Clupea harengus,Baltic Sea Ecoregion,2022,WGBFAS
her.27.3031,Herring (Clupea harengus) in Subdivisions 30 and 31 (Gulf of Bothnia),Clupea harengus,Baltic Sea Ecoregion,2022,WGBFAS
her.27.3a47d,"Herring (Clupea harengus) in Subarea 4 and divisions 3.a and 7.d, autumn spawners (North Sea, Skagerrak and Kattegat, eastern English Channel)",Clupea harengus,Greater North Sea Ecoregion,2022,HAWG
her.27.5a,"Herring (Clupea harengus) in Division 5.a, summer-spawning herring (Iceland grounds)",Clupea harengus,"Greenland Sea Ecoregion, Iceland Sea Ecoregion",2022,NWWG
her.27.6a7bc,"Herring (Clupea harengus) in divisions 6.a and 7.b-c (West of Scotland, West of Ireland)",Clupea harengus,"Celtic Seas Ecoregion, Faroes Ecoregion, Oceanic Northeast Atlantic Ecoregion",2022,HAWG
her.27.irls,"Herring (Clupea harengus) in divisions 7.a South of 52°30’N, 7.g-h, and 7.j-k (Irish Sea, Celtic Sea, and southwest of Ireland)",Clupea harengus,Celtic Seas Ecoregion,2022,HAWG
her.27.nirs,Herring (Clupea harengus) in Division 7.a North of 52°30’N (Irish Sea),Clupea harengus,Celtic Seas Ecoregion,2022,HAWG
hke.27.3a46-8abd,"Hake (Merluccius merluccius) in subareas 4, 6, and 7, and divisions 3.a, 8.a-b, and 8.d, Northern stock (Greater North Sea, Celtic Seas, and the northern Bay of Biscay)",Merluccius merluccius,"Bay of Biscay and the Iberian Coast Ecoregion, Celtic Seas Ecoregion, Faroes Ecoregion, Greater North Sea Ecoregion, Oceanic Northeast Atlantic Ecoregion",2022,WGBIE
hke.27.8c9a,"Hake (Merluccius merluccius) in divisions 8.c and 9.a, Southern stock (Cantabrian Sea and  Atlantic Iberian waters)",Merluccius merluccius,Bay of Biscay and the Iberian Coast Ecoregion,2022,WGBIE
hom.27.2a4a5b6a7a-ce-k8,"Horse mackerel (Trachurus trachurus) in Subarea 8 and divisions 2.a, 4.a, 5.b, 6.a, 7.a-c,e-k (the Northeast Atlantic)",Trachurus trachurus,"Bay of Biscay and the Iberian Coast Ecoregion, Barents Sea Ecoregion, Celtic Seas Ecoregion, Faroes Ecoregion, Greenland Sea Ecoregion, Iceland Sea Ecoregion, Greater North Sea Ecoregion, Norwegian Sea Ecoregion, Oceanic Northeast Atlantic Ecoregion",2022,WGWIDE
hom.27.3a4bc7d,"Horse mackerel (Trachurus trachurus) in divisions 3.a, 4.b-c, and 7.d (Skagerrak and Kattegat, southern and central North Sea, eastern English Channel)",Trachurus trachurus,Greater North Sea Ecoregion,2022,WGWIDE
hom.27.9a,Horse mackerel (Trachurus trachurus) in Division 9.a (Atlantic Iberian waters),Trachurus trachurus,Bay of Biscay and the Iberian Coast Ecoregion,2022,WGHANSA
jaa.27.10a2,Blue jack mackerel (Trachurus picturatus) in Subdivision 10.a.2 (Azores grounds),Trachurus picturatus,Azores Ecoregion,2022,WGHANSA
ldb.27.7b-k8abd,"Four-spot megrim (Lepidorhombus boscii) in divisions 7.b-k, 8.a-b, and 8.d (west and southwest of Ireland, Bay of Biscay)",Lepidorhombus boscii,"Bay of Biscay and the Iberian Coast Ecoregion, Celtic Seas Ecoregion, Greater North Sea Ecoregion, Oceanic Northeast Atlantic Ecoregion",2022,WGBIE
ldb.27.8c9a,Four-spot megrim (Lepidorhombus boscii) in divisions 8.c and 9.a (southern Bay of Biscay and Atlantic Iberian waters East),Lepidorhombus boscii,Bay of Biscay and the Iberian Coast Ecoregion,2022,WGBIE
lem.27.3a47d,"Lemon sole (Microstomus kitt) in Subarea 4 and divisions 3.a and 7.d (North Sea, Skagerrak and Kattegat, eastern English Channel)",Microstomus kitt,Greater North Sea Ecoregion,2022,WGNSSK
lez.27.4a6a,"Megrim (Lepidorhombus spp.) in divisions 4.a and 6.a (northern North Sea, West of Scotland)",Lepidorhombus,"Celtic Seas Ecoregion, Greater North Sea Ecoregion",2022,WGCSE
lez.27.6b,Megrim (Lepidorhombus spp.) in Division 6.b (Rockall),Lepidorhombus,"Celtic Seas Ecoregion, Oceanic Northeast Atlantic Ecoregion",2022,WGCSE
lin.27.1-2,Ling (Molva molva) in subareas 1 and 2 (Northeast Arctic),Molva molva,"Arctic Ocean Ecoregion, Barents Sea Ecoregion, Norwegian Sea Ecoregion",2022,WGDEEP
lin.27.346-91214,"Ling (Molva molva) in subareas 3,4, 6–9, 12, and 14 (Northeast Atlantic and Arctic Ocean)",Molva molva,"Arctic Ocean Ecoregion, Bay of Biscay and the Iberian Coast Ecoregion, Celtic Seas Ecoregion, Faroes Ecoregion, Greenland Sea Ecoregion, Iceland Sea Ecoregion, Greater North Sea Ecoregion, Norwegian Sea Ecoregion, Oceanic Northeast Atlantic Ecoregion",2022,WGDEEP
lin.27.5a,Ling (Molva molva) in Division 5.a (Iceland grounds),Molva molva,Iceland Sea Ecoregion,2022,WGDEEP
lin.27.5b,Ling (Molva molva) in Division 5.b (Faroes grounds),Molva molva,"Celtic Seas Ecoregion, Faroes Ecoregion, Iceland Sea Ecoregion, Oceanic Northeast Atlantic Ecoregion",2022,WGDEEP
mac.27.nea,Mackerel (Scomber scombrus) in subareas 1-8 and 14 and division 9.a (the Northeast Atlantic and adjacent waters),Scomber scombrus,"Arctic Ocean Ecoregion, Bay of Biscay and the Iberian Coast Ecoregion, Barents Sea Ecoregion, Celtic Seas Ecoregion, Faroes Ecoregion, Greenland Sea Ecoregion, Iceland Sea Ecoregion, Greater North Sea Ecoregion, Norwegian Sea Ecoregion, Oceanic Northeast Atlantic Ecoregion",2022,WGWIDE
meg.27.7b-k8abd,"Megrim (Lepidorhombus whiffiagonis) in divisions 7.b-k, 8.a-b, and 8.d (west and southwest of Ireland, Bay of Biscay)",Lepidorhombus whiffiagonis,"Bay of Biscay and the Iberian Coast Ecoregion, Celtic Seas Ecoregion, Greater North Sea Ecoregion, Oceanic Northeast Atlantic Ecoregion",2022,WGBIE
meg.27.8c9a,Megrim (Lepidorhombus whiffiagonis) in divisions 8.c and 9.a (Cantabrian Sea and Atlantic Iberian waters),Lepidorhombus whiffiagonis,Bay of Biscay and the Iberian Coast Ecoregion,2022,WGBIE
mon.27.78abd,"White anglerfish (Lophius piscatorius) in Subarea 7 and divisions 8.a-b and 8.d (Celtic Seas, Bay of Biscay)",Lophius piscatorius,"Bay of Biscay and the Iberian Coast Ecoregion, Celtic Seas Ecoregion, Greater North Sea Ecoregion, Oceanic Northeast Atlantic Ecoregion",2022,WGBIE
mon.27.8c9a,White anglerfish (Lophius piscatorius) in divisions 8.c and 9.a (Cantabrian Sea and Atlantic Iberian waters),Lophius piscatorius,Bay of Biscay and the Iberian Coast Ecoregion,2022,WGBIE
mur.27.3a47d,"Striped red mullet (Mullus surmuletus) in Subarea 4 and divisions 7.d and 3.a (North Sea, eastern English Channel, Skagerrak and Kattegat)",Mullus surmuletus,Greater North Sea Ecoregion,2022,WGNSSK
mur.27.67a-ce-k89a,"Striped red mullet (Mullus surmuletus) in subareas 6 and 8, and divisions 7.a-c, 7.e-k, and 9.a (North Sea, Bay of Biscay, southern Celtic Seas, and Atlantic Iberian waters)",Mullus surmuletus,"Bay of Biscay and the Iberian Coast Ecoregion, Celtic Seas Ecoregion, Greater North Sea Ecoregion, Oceanic Northeast Atlantic Ecoregion",2022,WGWIDE
nep.27.4outFU,"Norway lobster (Nephrops norvegicus) in Subarea 4, outside the functional units (North Sea)",Nephrops norvegicus,Greater North Sea Ecoregion,2022,WGNSSK
nep.27.6aoutFU,"Norway lobster (Nephrops norvegicus) in Division 6.a, outside the functional units (West of Scotland)",Nephrops norvegicus,Celtic Seas Ecoregion,2022,WGCSE
nep.27.7outFU,"Norway lobster (Nephrops norvegicus) in Subarea 7, outside the functional units (southern Celtic Seas, southwest of Ireland)",Nephrops norvegicus,Celtic Seas Ecoregion,2022,WGCSE
nep.fu.10,"Norway lobster (Nephrops norvegicus) in Division 4.a, Functional Unit 10 (northern North Sea, Noup)",Nephrops norvegicus,Greater North Sea Ecoregion,2022,WGNSSK
nep.fu.11,"Norway lobster (Nephrops norvegicus) in Division 6.a, Functional Unit 11 (West of Scotland, North Minch)",Nephrops norvegicus,Celtic Seas Ecoregion,2022,WGCSE
nep.fu.12,"Norway lobster (Nephrops norvegicus) in Division 6.a, Functional Unit 12 (West of Scotland, South Minch)",Nephrops norvegicus,Celtic Seas Ecoregion,2022,WGCSE
nep.fu.13,"Norway lobster (Nephrops norvegicus) in Division 6.a, Functional Unit 13 (West of Scotland, the Firth of Clyde and Sound of Jura)",Nephrops norvegicus,Celtic Seas Ecoregion,2022,WGCSE
nep.fu.14,"Norway lobster (Nephrops norvegicus) in Division 7.a, Functional Unit 14 (Irish Sea, East)",Nephrops norvegicus,Celtic Seas Ecoregion,2022,WGCSE
nep.fu.15,"Norway lobster (Nephrops norvegicus) in Division 7.a, Functional Unit 15 (Irish Sea, West)",Nephrops norvegicus,Celtic Seas Ecoregion,2022,WGCSE
nep.fu.16,"Norway lobster (Nephrops norvegicus) in divisions 7.b-c and 7.j-k, Functional Unit 16 (west and southwest of Ireland, Porcupine Bank)",Nephrops norvegicus,"Celtic Seas Ecoregion, Oceanic Northeast Atlantic Ecoregion",2022,WGCSE
nep.fu.17,"Norway lobster (Nephrops norvegicus) in Division 7.b, Functional Unit 17 (west of Ireland, Aran grounds)",Nephrops norvegicus,Celtic Seas Ecoregion,2022,WGCSE
nep.fu.19,"Norway lobster (Nephrops norvegicus) in divisions 7.a, 7.g, and 7.j, Functional Unit 19 (Irish Sea, Celtic Sea, eastern part of southwest of Ireland)",Nephrops norvegicus,Celtic Seas Ecoregion,2022,WGCSE
nep.fu.2021,"Norway lobster (Nephrops norvegicus) in divisions 7.g and 7.h, functional units 20 and 21 (Celtic Sea)",Nephrops norvegicus,Celtic Seas Ecoregion,2022,WGCSE
nep.fu.22,"Norway lobster (Nephrops norvegicus) in divisions 7.f and 7.g, Functional Unit 22 (Celtic Sea, Bristol Channel)",Nephrops norvegicus,Celtic Seas Ecoregion,2022,WGCSE
nep.fu.2324,"Norway lobster (Nephrops norvegicus) in divisions 8.a and 8.b, Functional Units 23-24 (northern and central Bay of Biscay) ",Nephrops norvegicus,Bay of Biscay and the Iberian Coast Ecoregion,2022,WGBIE
nep.fu.25,"Norway lobster (Nephrops norvegicus) in Division 8.c, Functional Unit 25 (southern Bay of Biscay and northern Galicia)",Nephrops norvegicus,Bay of Biscay and the Iberian Coast Ecoregion,2022,WGBIE
nep.fu.2627,"Norway lobster (Nephrops norvegicus) in Division 9.a, Functional Units 26-27 (Atlantic Iberian waters East, western Galicia, and northern Portugal)",Nephrops norvegicus,Bay of Biscay and the Iberian Coast Ecoregion,2022,WGBIE
nep.fu.2829,"Norway lobster (Nephrops norvegicus) in Division 9.a, Functional Units 28-29 (Atlantic Iberian waters East and southwestern and southern Portugal)",Nephrops norvegicus,Bay of Biscay and the Iberian Coast Ecoregion,2022,WGBIE
nep.fu.3-4,"Norway lobster (Nephrops norvegicus) in Division 3.a, Functional units 3 and 4 (Skagerrak and Kattegat)",Nephrops norvegicus,Greater North Sea Ecoregion,2022,WGNSSK
nep.fu.30,"Norway lobster (Nephrops norvegicus) in Division 9.a, Functional Unit 30 (Atlantic Iberian waters East and Gulf of Cadiz)",Nephrops norvegicus,Bay of Biscay and the Iberian Coast Ecoregion,2022,WGBIE
nep.fu.31,"Norway lobster (Nephrops norvegicus) in Division 8.c, Functional Unit 31 (southern Bay of Biscay and Cantabrian Sea)",Nephrops norvegicus,Bay of Biscay and the Iberian Coast Ecoregion,2022,WGBIE
nep.fu.32,"Norway lobster (Nephrops norvegicus) in Division 4.a, Functional Unit 32 (northern North Sea, Norway Deep)",Nephrops norvegicus,Greater North Sea Ecoregion,2022,WGNSSK
nep.fu.33,"Norway lobster (Nephrops norvegicus) in Division 4.b, Functional Unit 33 (central North Sea, Horn’s Reef)",Nephrops norvegicus,Greater North Sea Ecoregion,2022,WGNSSK
nep.fu.34,"Norway lobster (Nephrops norvegicus) in Division 4.b, Functional Unit 34 (central North Sea, Devil’s Hole)",Nephrops norvegicus,Greater North Sea Ecoregion,2022,WGNSSK
nep.fu.5,"Norway lobster (Nephrops norvegicus) in divisions 4.b and 4.c, Functional Unit 5 (central and southern North Sea, Botney Cut-Silver Pit)",Nephrops norvegicus,Greater North Sea Ecoregion,2022,WGNSSK
nep.fu.6,"Norway lobster (Nephrops norvegicus) in Division 4.b, Functional Unit 6 (central North Sea, Farn Deeps)",Nephrops norvegicus,Greater North Sea Ecoregion,2022,WGNSSK
nep.fu.7,"Norway lobster (Nephrops norvegicus) in Division 4.a, Functional Unit 7 (northern North Sea, Fladen Ground)",Nephrops norvegicus,Greater North Sea Ecoregion,2022,WGNSSK
nep.fu.8,"Norway lobster (Nephrops norvegicus) in Division 4.b, Functional Unit 8 (central North Sea, Firth of Forth)",Nephrops norvegicus,Greater North Sea Ecoregion,2022,WGNSSK
nep.fu.9,"Norway lobster (Nephrops norvegicus) in Division 4.a, Functional Unit 9 (central North Sea, Moray Firth)",Nephrops norvegicus,Greater North Sea Ecoregion,2022,WGNSSK
nop.27.3a4,"Norway pout (Trisopterus esmarkii) in Subarea 4 and Division 3.a (North Sea, Skagerrak and Kattegat)",Trisopterus esmarkii,Greater North Sea Ecoregion,2022,WGNSSK
nop.27.6a,Norway pout (Trisopterus esmarkii) in Division 6.a,Trisopterus esmarkii,Celtic Seas Ecoregion,2022,WGCSE
ory.27.nea,"Orange roughy (Hoplostethus atlanticus) in subareas 1-10, 12 and 14 (the Northeast Atlantic and adjacent waters)",Hoplostethus atlanticus,"Arctic Ocean Ecoregion, Azores Ecoregion, Bay of Biscay and the Iberian Coast Ecoregion, Barents Sea Ecoregion, Celtic Seas Ecoregion, Faroes Ecoregion, Greenland Sea Ecoregion, Iceland Sea Ecoregion, Greater North Sea Ecoregion, Norwegian Sea Ecoregion, Oceanic Northeast Atlantic Ecoregion",2022,WGDEEP
pil.27.7,"Sardine (Sardina pilchardus) in Subarea 7 (Southern Celtic Seas, English Channel) ",Sardina pilchardus,"Celtic Seas Ecoregion, Greater North Sea Ecoregion",2022,WGHANSA
pil.27.8abd,Sardine (Sardina pilchardus) in divisions 8.a-b and 8.d (Bay of Biscay),Sardina pilchardus,Bay of Biscay and the Iberian Coast Ecoregion,2022,WGHANSA
pil.27.8c9a,Sardine (Sardina pilchardus) in divisions 8.c and 9.a (Cantabrian Sea and Atlantic Iberian waters),Sardina pilchardus,Bay of Biscay and the Iberian Coast Ecoregion,2022,WGHANSA
ple.27.21-23,"Plaice (Pleuronectes platessa) in subdivisions 21-23 (Kattegat, Belt Seas, and the Sound)",Pleuronectes platessa,"Baltic Sea Ecoregion, Greater North Sea Ecoregion",2022,WGBFAS
ple.27.24-32,"Plaice (Pleuronectes platessa) in subdivisions 24-32 (Baltic Sea, excluding the Sound and Belt Seas)",Pleuronectes platessa,Baltic Sea Ecoregion,2022,WGBFAS
ple.27.420,Plaice (Pleuronectes platessa) in Subarea 4 (North Sea) and Subdivision 20 (Skagerrak),Pleuronectes platessa,Greater North Sea Ecoregion,2022,WGNSSK
ple.27.5a,Plaice (Pleuronectes platessa) in Division 5.a (Iceland grounds),Pleuronectes platessa,"Greenland Sea Ecoregion, Iceland Sea Ecoregion",2022,NWWG
ple.27.7a,Plaice (Pleuronectes platessa) in Division 7.a (Irish Sea),Pleuronectes platessa,Celtic Seas Ecoregion,2022,WGCSE
ple.27.7bc,Plaice (Pleuronectes platessa) in divisions 7.b-c (West of Ireland),Pleuronectes platessa,"Celtic Seas Ecoregion, Oceanic Northeast Atlantic Ecoregion",2022,WGCSE
ple.27.7d,Plaice (Pleuronectes platessa) in Division 7.d (eastern English Channel),Pleuronectes platessa,Greater North Sea Ecoregion,2022,WGNSSK
ple.27.7e,Plaice (Pleuronectes platessa) in Division 7.e (western English Channel),Pleuronectes platessa,"Celtic Seas Ecoregion, Greater North Sea Ecoregion",2022,WGCSE
ple.27.7fg,"Plaice (Pleuronectes platessa) in divisions 7.f and 7.g (Bristol Channel, Celtic Sea)",Pleuronectes platessa,Celtic Seas Ecoregion,2022,WGCSE
ple.27.7h-k,"Plaice (Pleuronectes platessa) in divisions 7.h-k (Celtic Sea South, southwest of Ireland)",Pleuronectes platessa,"Celtic Seas Ecoregion, Oceanic Northeast Atlantic Ecoregion",2022,WGCSE
ple.27.89a,Plaice (Pleuronectes platessa) in Subarea 8 and Division 9.a (Bay of Biscay and Atlantic Iberian waters),Pleuronectes platessa,"Bay of Biscay and the Iberian Coast Ecoregion, Oceanic Northeast Atlantic Ecoregion",2022,WGBIE
pok.27.1-2,Saithe (Pollachius virens) in subareas 1 and 2 (Northeast Arctic),Pollachius virens,"Arctic Ocean Ecoregion, Barents Sea Ecoregion, Norwegian Sea Ecoregion",2022,AFWG
pok.27.3a46,"Saithe (Pollachius virens) in Subareas 4, 6 and Division 3.a (North Sea, Rockall and West of Scotland, Skagerrak and Kattegat)",Pollachius virens,"Celtic Seas Ecoregion, Faroes Ecoregion, Greater North Sea Ecoregion",2022,WGNSSK
pok.27.5a,Saithe (Pollachius virens) in Division 5.a (Iceland grounds),Pollachius virens,"Greenland Sea Ecoregion, Iceland Sea Ecoregion",2022,NWWG
pok.27.5b,Saithe (Pollachius virens) in Division 5.b (Faroes grounds),Pollachius virens,Faroes Ecoregion,2022,NWWG
pol.27.3a4,"Pollack (Pollachius pollachius) in Subarea 4 and Division 3.a (North Sea, Skagerrak and Kattegat)",Pollachius pollachius,Greater North Sea Ecoregion,2022,WGNSSK
pol.27.67,Pollack (Pollachius pollachius) in subareas 6-7 (Celtic Seas and the English Channel) ,Pollachius pollachius,"Celtic Seas Ecoregion, Greater North Sea Ecoregion, Oceanic Northeast Atlantic Ecoregion",2022,WGCSE
pol.27.89a,Pollack (Pollachius pollachius) in Subarea 8 and Division 9.a (Bay of Biscay and Atlantic Iberian waters),Pollachius pollachius,"Bay of Biscay and the Iberian Coast Ecoregion, Oceanic Northeast Atlantic Ecoregion",2022,WGBIE
por.27.nea,"Porbeagle (Lamna nasus) in subareas 1-10, 12 and 14 (the Northeast Atlantic and adjacent waters)",Lamna nasus,"Arctic Ocean Ecoregion, Azores Ecoregion, Bay of Biscay and the Iberian Coast Ecoregion, Barents Sea Ecoregion, Celtic Seas Ecoregion, Faroes Ecoregion, Greenland Sea Ecoregion, Iceland Sea Ecoregion, Greater North Sea Ecoregion, Norwegian Sea Ecoregion, Oceanic Northeast Atlantic Ecoregion",2022,WGEF
pra.27.1-2,Northern shrimp (Pandalus borealis) in subareas 1 and 2 (Northeast Arctic),Pandalus borealis,"Arctic Ocean Ecoregion, Barents Sea Ecoregion, Faroes Ecoregion, Greenland Sea Ecoregion, Iceland Sea Ecoregion, Norwegian Sea Ecoregion",2022,NIPAG
pra.27.3a4a,Northern shrimp (Pandalus borealis) in divisions 3.a and 4.a East (Skagerrak and Kattegat and northern North Sea in the Norwegian Deep),Pandalus borealis,Greater North Sea Ecoregion,2022,NIPAG
pra.27.4a,"Northern shrimp (Pandalus borealis) in Division 4.a West (northern North Sea, Fladen Ground)",Pandalus borealis,Greater North Sea Ecoregion,2022,NIPAG
raj.27.1012,Rays and skates (Rajidae) (mainly thornback ray (Raja clavata)) in subareas 10 and 12 (Azores grounds and north of Azores),Rajidae,"Azores Ecoregion, Oceanic Northeast Atlantic Ecoregion",2022,WGEF
raj.27.3a47d,"Other rays and skates (Rajidae) in Subarea 4 and in divisions 3.a and 7.d (North Sea, Skagerrak, Kattegat, and eastern English Channel)",Rajidae,Greater North Sea Ecoregion,2022,WGEF
raj.27.67a-ce-k,"Other rays and skates (Rajiformes) in Subarea 6 and divisions 7.a-c and 7.e-k (Rockall, West of Scotland, Celtic Sea and western English Channel)",Rajidae,"Celtic Seas Ecoregion, Greater North Sea Ecoregion, Oceanic Northeast Atlantic Ecoregion",2022,WGEF
raj.27.89a,Other rays and skates (Rajidae) in Subarea 8 and Division 9.a (Bay of Biscay and Atlantic Iberian waters),Rajidae,"Bay of Biscay and the Iberian Coast Ecoregion, Oceanic Northeast Atlantic Ecoregion",2022,WGEF
reb.2127.dp,"Beaked redfish (Sebastes mentella) in ICES subareas 5, 12, and 14 (Iceland and Faroe grounds, North of Azores, East of Greenland) and NAFO subareas 1 and 2 (deep pelagic stock > 500 m) ",Sebastes mentella,"Arctic Ocean Ecoregion, Celtic Seas Ecoregion, Faroes Ecoregion, Greenland Sea Ecoregion, Iceland Sea Ecoregion, Norwegian Sea Ecoregion, Oceanic Northeast Atlantic Ecoregion",2022,NWWG
reb.2127.sp,"Beaked redfish (Sebastes mentella) in ICES subareas 5, 12, and 14 (Iceland and Faroe grounds, North of Azores, East of Greenland) and NAFO subareas 1 and 2 (shallow pelagic stock < 500 m)",Sebastes mentella,"Arctic Ocean Ecoregion, Celtic Seas Ecoregion, Faroes Ecoregion, Greenland Sea Ecoregion, Iceland Sea Ecoregion, Norwegian Sea Ecoregion, Oceanic Northeast Atlantic Ecoregion",2022,NWWG
reb.27.1-2,Beaked redfish  (Sebastes mentella) in subareas 1 and 2 (Northeast Arctic),Sebastes mentella,"Arctic Ocean Ecoregion, Barents Sea Ecoregion, Faroes Ecoregion, Greenland Sea Ecoregion, Iceland Sea Ecoregion, Norwegian Sea Ecoregion",2022,AFWG
reb.27.14b,"Beaked redfish  (Sebastes mentella) in Division 14.b, demersal (Southeast Greenland)",Sebastes mentella,"Greenland Sea Ecoregion, Oceanic Northeast Atlantic Ecoregion",2022,NWWG
reb.27.5a14,"Beaked redfish  (Sebastes mentella) in Subarea 14 and Division 5.a, Icelandic slope stock (East of Greenland, Iceland grounds)",Sebastes mentella,"Arctic Ocean Ecoregion, Greenland Sea Ecoregion, Iceland Sea Ecoregion, Norwegian Sea Ecoregion, Oceanic Northeast Atlantic Ecoregion",2022,NWWG
reg.27.1-2,Golden redfish (Sebastes norvegicus) in subareas 1 and 2 (Northeast Arctic),Sebastes norvegicus,"Arctic Ocean Ecoregion, Barents Sea Ecoregion, Norwegian Sea Ecoregion",2022,AFWG
reg.27.561214,"Golden redfish (Sebastes norvegicus) in subareas 5, 6, 12, and 14 (Iceland and Faroes grounds, West of Scotland, North of Azores, East of Greenland)",Sebastes norvegicus,"Arctic Ocean Ecoregion, Celtic Seas Ecoregion, Faroes Ecoregion, Greenland Sea Ecoregion, Iceland Sea Ecoregion, Norwegian Sea Ecoregion, Oceanic Northeast Atlantic Ecoregion",2022,NWWG
rhg.27.nea,"Roughhead grenadier (Macrourus berglax) in subareas 5-8, 10, 12 and 14 (Northeast Atlantic and Arctic Ocean)",Macrourus berglax,"Arctic Ocean Ecoregion, Azores Ecoregion, Bay of Biscay and the Iberian Coast Ecoregion, Celtic Seas Ecoregion, Faroes Ecoregion, Greenland Sea Ecoregion, Iceland Sea Ecoregion, Greater North Sea Ecoregion, Norwegian Sea Ecoregion, Oceanic Northeast Atlantic Ecoregion",2022,WGDEEP
rja.27.nea,"White skate (Rostroraja alba) in subareas 1-10, 12 and 14 (the Northeast Atlantic and adjacent waters)",Rostroraja alba,"Arctic Ocean Ecoregion, Azores Ecoregion, Bay of Biscay and the Iberian Coast Ecoregion, Barents Sea Ecoregion, Celtic Seas Ecoregion, Faroes Ecoregion, Greenland Sea Ecoregion, Iceland Sea Ecoregion, Greater North Sea Ecoregion, Norwegian Sea Ecoregion, Oceanic Northeast Atlantic Ecoregion",2022,WGEF
rjb.27.3a4,"Common skate complex (Blue skate (Dipturus batis) and flapper skate (Dipturus intermedius) in Subarea 4 and Division 3.a (North Sea, Skagerrak and Kattegat)",Dipturus batis,"Celtic Seas Ecoregion, Faroes Ecoregion, Greater North Sea Ecoregion",2022,WGEF
rjb.27.67a-ce-k,Common skate complex (Blue skate (Dipturus batis) and flapper skate (Dipturus intermedius) in Subarea 6 and divisions 7.a–c and 7.e–k (Celtic Seas and western English Channel),Dipturus batis,"Celtic Seas Ecoregion, Greater North Sea Ecoregion, Oceanic Northeast Atlantic Ecoregion",2022,WGEF
rjb.27.89a,Common skate complex (Blue skate (Dipturus batis) and flapper skate (Dipturus intermedius) in Subarea 8 and Division 9.a (Bay of Biscay and Atlantic Iberian waters),Dipturus batis,"Bay of Biscay and the Iberian Coast Ecoregion, Oceanic Northeast Atlantic Ecoregion",2022,WGEF
rjc.27.3a47d,"Thornback ray (Raja clavata) in Subarea 4 and in divisions 3.a and 7.d (North Sea, Skagerrak, Kattegat, and eastern English Channel)",Raja clavata,Greater North Sea Ecoregion,2022,WGEF
rjc.27.6,Thornback ray (Raja clavata) in Subarea 6 (West of Scotland),Raja clavata,"Celtic Seas Ecoregion, Oceanic Northeast Atlantic Ecoregion",2022,WGEF
rjc.27.7afg,"Thornback ray (Raja clavata) in divisions 7.a and 7.f-g (Irish Sea, Bristol Channel, Celtic Sea North)",Raja clavata,Celtic Seas Ecoregion,2022,WGEF
rjc.27.7e,Thornback ray (Raja clavata) in Division 7.e (western English Channel),Raja clavata,"Celtic Seas Ecoregion, Greater North Sea Ecoregion",2022,WGEF
rjc.27.8abd,Thornback ray (Raja clavata) in divisions 8.a-b and 8.d (Bay of Biscay),Raja clavata,"Bay of Biscay and the Iberian Coast Ecoregion, Oceanic Northeast Atlantic Ecoregion",2022,WGEF
rjc.27.8c,Thornback ray (Raja clavata) in Division 8.c (Cantabrian Sea),Raja clavata,Bay of Biscay and the Iberian Coast Ecoregion,2022,WGEF
rjc.27.9a,Thornback ray (Raja clavata) in Division 9.a (Atlantic Iberian waters),Raja clavata,Bay of Biscay and the Iberian Coast Ecoregion,2022,WGEF
rje.27.7de,Small-eyed ray (Raja microocellata) in divisions 7.d and 7.e (English Channel),Raja microocellata,"Celtic Seas Ecoregion, Greater North Sea Ecoregion",2022,WGEF
rje.27.7fg,"Small-eyed ray (Raja microocellata) in divisions 7.f and 7.g (Bristol Channel, Celtic Sea North)",Raja microocellata,Celtic Seas Ecoregion,2022,WGEF
rjf.27.67,"Shagreen ray (Leucoraja fullonica) in subareas 6-7 (West of Scotland, southern Celtic Seas, English Channel)",Leucoraja fullonica,"Celtic Seas Ecoregion, Greater North Sea Ecoregion, Oceanic Northeast Atlantic Ecoregion",2022,WGEF
rjh.27.4a6,Blonde ray (Raja brachyura) in Subarea 6 and Division 4.a (North Sea and West of Scotland),Raja brachyura,"Celtic Seas Ecoregion, Greater North Sea Ecoregion, Oceanic Northeast Atlantic Ecoregion",2022,WGEF
rjh.27.4c7d,Blonde ray (Raja brachyura) in divisions 4.c and 7.d (southern North Sea and eastern English Channel),Raja brachyura,Greater North Sea Ecoregion,2022,WGEF
rjh.27.7afg,"Blonde ray (Raja brachyura) in divisions 7.a and 7.f-g (Irish Sea, Bristol Channel, Celtic Sea North)",Raja brachyura,Celtic Seas Ecoregion,2022,WGEF
rjh.27.7e,Blonde ray (Raja brachyura) in Division 7.e (western English Channel),Raja brachyura,"Celtic Seas Ecoregion, Greater North Sea Ecoregion",2022,WGEF
rjh.27.9a,Blonde ray (Raja brachyura) in Division 9.a (Atlantic Iberian waters),Raja brachyura,Bay of Biscay and the Iberian Coast Ecoregion,2022,WGEF
rji.27.67,"Sandy ray (Leucoraja circularis) in subareas 6-7 (West of Scotland, southern Celtic Seas, English Channel)",Leucoraja circularis,"Celtic Seas Ecoregion, Greater North Sea Ecoregion, Oceanic Northeast Atlantic Ecoregion",2022,WGEF
rjm.27.3a47d,"Spotted ray (Raja montagui) in Subarea 4 and Divisions 3.a and 7.d (North Sea, Skagerrak, Kattegat, and eastern English Channel)",Raja montagui,Greater North Sea Ecoregion,2022,WGEF
rjm.27.67bj,"Spotted ray (Raja montagui) in Subarea 6 and divisions 7.b and 7.j (West of Scotland, west and southwest of Ireland)",Raja montagui,"Celtic Seas Ecoregion, Oceanic Northeast Atlantic Ecoregion",2022,WGEF
rjm.27.7ae-h,Spotted ray (Raja montagui) in divisions 7.a and 7.e-h (southern Celtic Seas and western English Channel),Raja montagui,"Celtic Seas Ecoregion, Greater North Sea Ecoregion",2022,WGEF
rjm.27.8,Spotted ray (Raja montagui) in  Subarea 8 (Bay of Biscay),Raja montagui,"Bay of Biscay and the Iberian Coast Ecoregion, Oceanic Northeast Atlantic Ecoregion",2022,WGEF
rjm.27.9a,Spotted ray (Raja montagui) in Division 9.a (Atlantic Iberian waters),Raja montagui,Bay of Biscay and the Iberian Coast Ecoregion,2022,WGEF
rjn.27.3a4,"Cuckoo ray (Leucoraja naevus) in Subarea 4 and Division 3.a (North Sea, Skagerrak and Kattegat)",Leucoraja naevus,Greater North Sea Ecoregion,2022,WGEF
rjn.27.678abd,"Cuckoo ray (Leucoraja naevus) in subareas 6-7 and divisions 8.a-b and 8.d (West of Scotland, southern Celtic Seas, and western English Channel, Bay of Biscay)",Leucoraja naevus,"Bay of Biscay and the Iberian Coast Ecoregion, Celtic Seas Ecoregion, Greater North Sea Ecoregion, Oceanic Northeast Atlantic Ecoregion",2022,WGEF
rjn.27.8c,Cuckoo ray (Leucoraja naevus) in Division 8.c (Cantabrian Sea),Leucoraja naevus,Bay of Biscay and the Iberian Coast Ecoregion,2022,WGEF
rjn.27.9a,Cuckoo ray (Leucoraja naevus) in Division 9.a (Atlantic Iberian waters),Leucoraja naevus,Bay of Biscay and the Iberian Coast Ecoregion,2022,WGEF
rjr.27.23a4,"Starry ray (Amblyraja radiata) in Subareas 2 and 4, and Division 3.a  (Norwegian Sea, North Sea, Skagerrak and Kattegat)",Amblyraja radiata,"Arctic Ocean Ecoregion, Barents Sea Ecoregion, Celtic Seas Ecoregion, Faroes Ecoregion, Greenland Sea Ecoregion, Iceland Sea Ecoregion, Greater North Sea Ecoregion, Norwegian Sea Ecoregion",2022,WGEF
rju.27.7bj,Undulate ray (Raja undulata) in divisions 7.b and 7.j (west and southwest of Ireland),Raja undulata,"Celtic Seas Ecoregion, Oceanic Northeast Atlantic Ecoregion",2022,WGEF
rju.27.7de,Undulate ray (Raja undulata) in divisions 7.d and 7.e (English Channel),Raja undulata,"Celtic Seas Ecoregion, Greater North Sea Ecoregion",2022,WGEF
rju.27.8ab,Undulate ray (Raja undulata) in divisions 8.a-b (northern and central Bay of Biscay),Raja undulata,Bay of Biscay and the Iberian Coast Ecoregion,2022,WGEF
rju.27.8c,Undulate ray (Raja undulata) in Division 8.c (Cantabrian Sea),Raja undulata,Bay of Biscay and the Iberian Coast Ecoregion,2022,WGEF
rju.27.9a,Undulate ray (Raja undulata) in Division 9.a (Atlantic Iberian waters),Raja undulata,Bay of Biscay and the Iberian Coast Ecoregion,2022,WGEF
rng.27.1245a8914ab,"Roundnose grenadier (Coryphaenoides rupestris) in subareas 1, 2, 4, 8, and 9, Division 14.a, and in subdivisions 14.b.2 and 5.a.2 (Northeast Atlantic and Arctic Ocean)",Coryphaenoides rupestris,"Arctic Ocean Ecoregion, Bay of Biscay and the Iberian Coast Ecoregion, Barents Sea Ecoregion, Celtic Seas Ecoregion, Faroes Ecoregion, Greenland Sea Ecoregion, Iceland Sea Ecoregion, Greater North Sea Ecoregion, Norwegian Sea Ecoregion, Oceanic Northeast Atlantic Ecoregion",2022,WGDEEP
rng.27.3a,Roundnose grenadier (Coryphaenoides rupestris) in Division 3.a (Skagerrak and Kattegat),Coryphaenoides rupestris,Greater North Sea Ecoregion,2022,WGDEEP
rng.27.5a10b12ac14b,"Roundnose grenadier (Coryphaenoides rupestris) in Divisions 10.b and 12.c, and Subdivisions 12.a.1, 14.b.1, and 5.a.1 (Oceanic Northeast Atlantic and northern Reykjanes Ridge)",Coryphaenoides rupestris,"Iceland Sea Ecoregion, Oceanic Northeast Atlantic Ecoregion",2022,WGDEEP
rng.27.5b6712b,"Roundnose grenadier (Coryphaenoides rupestris) in subareas 6-7 and divisions 5.b and 12.b (Celtic Seas and the English Channel, Faroes grounds, and western Hatton Bank)",Coryphaenoides rupestris,"Celtic Seas Ecoregion, Faroes Ecoregion, Iceland Sea Ecoregion, Greater North Sea Ecoregion, Oceanic Northeast Atlantic Ecoregion",2022,WGDEEP
sal.27.22-31,"Salmon (Salmo salar) in subdivisions 22-31 (Baltic Sea, excluding the Gulf of Finland)",Salmo salar,Baltic Sea Ecoregion,2022,WGBAST
sal.27.32,Salmon (Salmo salar) in Subdivision 32 (Gulf of Finland),Salmo salar,Baltic Sea Ecoregion,2022,WGBAST
sal.nac.all,Salmon (Salmo salar) from North America,Salmo salar,"Greenland Sea Ecoregion, Oceanic Northeast Atlantic Ecoregion",2022,WGNAS
sal.neac.all,Salmon (Salmo salar) in Northeast Atlantic and Arctic Ocean,Salmo salar,"Arctic Ocean Ecoregion, Azores Ecoregion, Bay of Biscay and the Iberian Coast Ecoregion, Barents Sea Ecoregion, Celtic Seas Ecoregion, Faroes Ecoregion, Greenland Sea Ecoregion, Iceland Sea Ecoregion, Greater North Sea Ecoregion, Norwegian Sea Ecoregion, Oceanic Northeast Atlantic Ecoregion",2022,WGNAS
sal.wgc.all,Salmon (Salmo salar) in Subarea 14 and NAFO division 1 (east and west of Greenland),Salmo salar,"Greenland Sea Ecoregion, Oceanic Northeast Atlantic Ecoregion",2022,WGNAS
san.27.6a,Sandeel (Ammodytes spp.) in Division 6.a (West of Scotland),Ammodytes,"Celtic Seas Ecoregion, Faroes Ecoregion, Greater North Sea Ecoregion",2022,HAWG
san.sa.1r,"Sandeel (Ammodytes spp.) in Divisions 4.b and 4.c, Sandeel Area 1r (central and southern North Sea, Dogger Bank)",Ammodytes,Greater North Sea Ecoregion,2022,HAWG
san.sa.2r,"Sandeel (Ammodytes spp.) in Divisions 4.b and 4.c, and Subdivision 20, Sandeel Area 2r (Skagerrak, central and southern North Sea)",Ammodytes,Greater North Sea Ecoregion,2022,HAWG
san.sa.3r,"Sandeel (Ammodytes spp.) in Divisions 4.a and 4.b, and Subdivision 20, Sandeel Area 3r (Skagerrak, northern and central North Sea)",Ammodytes,Greater North Sea Ecoregion,2022,HAWG
san.sa.4,"Sandeel (Ammodytes spp.) in divisions 4.a and 4.b, Sandeel Area 4 (northern and central North Sea)",Ammodytes,Greater North Sea Ecoregion,2022,HAWG
san.sa.5r,"Sandeel (Ammodytes spp.) in Division 4.a, Sandeel Area 5r (northern North Sea, Viking and Bergen banks)",Ammodytes,Greater North Sea Ecoregion,2022,HAWG
san.sa.6,"Sandeel (Ammodytes spp.) in subdivisions 20-22, Sandeel Area 6 (Kattegat)",Ammodytes,Greater North Sea Ecoregion,2022,HAWG
san.sa.7r,"Sandeel (Ammodytes spp.) in Division 4.a, Sandeel Area 7r (northern North Sea, Shetland)",Ammodytes,"Celtic Seas Ecoregion, Greater North Sea Ecoregion",2022,HAWG
sbr.27.10,Blackspot seabream (Pagellus bogaraveo) in Subarea 10 (Azores grounds),Pagellus bogaraveo,"Azores Ecoregion, Oceanic Northeast Atlantic Ecoregion",2022,WGDEEP
sbr.27.6-8,"Blackspot seabream (Pagellus bogaraveo) in subareas 6-8 (Celtic Seas, the English Channel, and Bay of Biscay)",Pagellus bogaraveo,"Bay of Biscay and the Iberian Coast Ecoregion, Celtic Seas Ecoregion, Greater North Sea Ecoregion",2022,WGDEEP
sbr.27.9,Blackspot seabream (Pagellus bogaraveo) in Subarea 9 (Atlantic Iberian waters),Pagellus bogaraveo,"Bay of Biscay and the Iberian Coast Ecoregion, Oceanic Northeast Atlantic Ecoregion",2022,WGDEEP
sck.27.nea,"Kitefin shark (Dalatias licha) in subareas 1-10, 12 and 14 (the Northeast Atlantic and adjacent waters)",Dalatias licha,"Arctic Ocean Ecoregion, Azores Ecoregion, Bay of Biscay and the Iberian Coast Ecoregion, Barents Sea Ecoregion, Celtic Seas Ecoregion, Faroes Ecoregion, Greenland Sea Ecoregion, Iceland Sea Ecoregion, Greater North Sea Ecoregion, Norwegian Sea Ecoregion, Oceanic Northeast Atlantic Ecoregion",2022,WGEF
sdv.27.nea,"Smooth-hound (Mustelus spp.) in subareas 1-10, 12 and 14 (the Northeast Atlantic and adjacent waters)",Mustelus asterias,"Arctic Ocean Ecoregion, Azores Ecoregion, Bay of Biscay and the Iberian Coast Ecoregion, Barents Sea Ecoregion, Celtic Seas Ecoregion, Faroes Ecoregion, Greenland Sea Ecoregion, Iceland Sea Ecoregion, Greater North Sea Ecoregion, Norwegian Sea Ecoregion, Oceanic Northeast Atlantic Ecoregion",2022,WGEF
seh.27.1,Harp seals (Pagophilus groenlandicus) in Subarea 1 (Barents and White sea stock),Pagophilus groenlandicus,"Arctic Ocean Ecoregion, Barents Sea Ecoregion",2022,WGHARP
seh.27.125a14,"Harp seals (Pagophilus groenlandicus) in subareas 1, 2 and 14 and Division 5.a (Greenland Sea stock)",Pagophilus groenlandicus,"Arctic Ocean Ecoregion, Barents Sea Ecoregion, Greenland Sea Ecoregion, Iceland Sea Ecoregion, Norwegian Sea Ecoregion, Oceanic Northeast Atlantic Ecoregion",2022,WGHARP
sez.27.2514,"Hooded seals (Cystophora cristata) in subareas 2, 5 and 14 (Greenland Sea stock)",Cystophora cristata,"Faroes Ecoregion, Greenland Sea Ecoregion, Iceland Sea Ecoregion, Norwegian Sea Ecoregion",2022,WGHARP
sho.27.67,"Black-mouth dogfish (Galeus melastomus) in subareas 6 and 7 (West of Scotland, southern Celtic Seas, and English Channel)",Galeus melastomus,"Celtic Seas Ecoregion, Greater North Sea Ecoregion, Oceanic Northeast Atlantic Ecoregion",2022,WGEF
sho.27.89a,Black-mouth dogfish (Galeus melastomus) in Subarea 8 and Division 9.a (Bay of Biscay and Atlantic Iberian waters),Galeus melastomus,Bay of Biscay and the Iberian Coast Ecoregion,2022,WGEF
sol.27.20-24,"Sole (Solea solea) in subdivisions 20-24 (Skagerrak and Kattegat, western Baltic Sea)",Solea solea,"Baltic Sea Ecoregion, Greater North Sea Ecoregion",2022,WGBFAS
sol.27.4,Sole (Solea solea) in Subarea 4 (North Sea),Solea solea,Greater North Sea Ecoregion,2022,WGNSSK
sol.27.7a,Sole (Solea solea) in Division 7.a (Irish Sea),Solea solea,Celtic Seas Ecoregion,2022,WGCSE
sol.27.7bc,Sole (Solea solea) in divisions 7.b and 7.c (West of Ireland),Solea solea,"Celtic Seas Ecoregion, Oceanic Northeast Atlantic Ecoregion",2022,WGCSE
sol.27.7d,Sole (Solea solea) in Division 7.d (eastern English Channel),Solea solea,Greater North Sea Ecoregion,2022,WGNSSK
sol.27.7e,Sole (Solea solea) in Division 7.e (western English Channel),Solea solea,"Celtic Seas Ecoregion, Greater North Sea Ecoregion",2022,WGCSE
sol.27.7fg,"Sole (Solea solea) in divisions 7.f and 7.g (Bristol Channel, Celtic Sea)",Solea solea,Celtic Seas Ecoregion,2022,WGCSE
sol.27.7h-k,"Sole (Solea solea) in Divisions 7.h-k (Celtic Sea South, southwest of Ireland)",Solea solea,"Celtic Seas Ecoregion, Oceanic Northeast Atlantic Ecoregion",2022,WGCSE
sol.27.8ab,Sole (Solea solea) in divisions 8.a-b (northern and central Bay of Biscay),Solea solea,Bay of Biscay and the Iberian Coast Ecoregion,2022,WGBIE
sol.27.8c9a,Sole (Solea solea) in divisions 8.c and 9.a (Cantabrian Sea and Atlantic Iberian waters),Solea solea,Bay of Biscay and the Iberian Coast Ecoregion,2022,WGBIE
spr.27.22-32,Sprat (Sprattus sprattus) in Subdivisions 22-32 (Baltic Sea),Sprattus sprattus,Baltic Sea Ecoregion,2022,WGBFAS
spr.27.3a4,"Sprat (Sprattus sprattus) in Division 3.a and Subarea 4 (Skagerrak, Kattegat and North Sea)",Sprattus sprattus,Greater North Sea Ecoregion,2022,HAWG
spr.27.67a-cf-k,"Sprat (Sprattus sprattus) in Subarea 6 and Divisions 7.a-c and 7.f-k (West of Scotland, southern Celtic Seas)",Sprattus sprattus,"Celtic Seas Ecoregion, Oceanic Northeast Atlantic Ecoregion",2022,HAWG
spr.27.7de,Sprat (Sprattus sprattus) in divisions 7.d and 7.e (English Channel),Sprattus sprattus,"Celtic Seas Ecoregion, Greater North Sea Ecoregion",2022,HAWG
syc.27.3a47d,"Lesser spotted dogfish (Scyliorhinus canicula) in Subarea 4 and divisions 3.a and 7.d (North Sea, Skagerrak and Kattegat, eastern English Channel)",Scyliorhinus canicula,Greater North Sea Ecoregion,2022,WGEF
syc.27.67a-ce-j,"Lesser spotted dogfish (Scyliorhinus canicula) in Subarea 6 and divisions 7.a-c and 7.e-j  (West of Scotland, Irish Sea, southern Celtic Seas)",Scyliorhinus canicula,"Celtic Seas Ecoregion, Greater North Sea Ecoregion, Oceanic Northeast Atlantic Ecoregion",2022,WGEF
syc.27.8abd,Lesser spotted dogfish (Scyliorhinus canicula) in divisions 8.a-b and 8.d (Bay of Biscay),Scyliorhinus canicula,Bay of Biscay and the Iberian Coast Ecoregion,2022,WGEF
syc.27.8c9a,Lesser spotted dogfish (Scyliorhinus canicula) in divisions 8.c and 9.a (Cantabrian Sea and Atlantic Iberian waters) ,Scyliorhinus canicula,Bay of Biscay and the Iberian Coast Ecoregion,2022,WGEF
syt.27.67,"Greater-spotted dogfish (Scyliorhinus stellaris) in subareas 6 and 7 (West of Scotland, southern Celtic Sea, and the English Channel)",Scyliorhinus stellaris,"Celtic Seas Ecoregion, Greater North Sea Ecoregion, Oceanic Northeast Atlantic Ecoregion",2022,WGEF
thr.27.nea,"Thresher sharks (Alopias spp.) in Subareas 10, 12, Divisions 7.c-k, 8.d-e, and Subdivisions 5.b.1, 9.b.1, 14.b.1 (Northeast Atlantic)",Alopias,"Azores Ecoregion, Bay of Biscay and the Iberian Coast Ecoregion, Celtic Seas Ecoregion, Faroes Ecoregion, Iceland Sea Ecoregion, Oceanic Northeast Atlantic Ecoregion",2022,WGEF
trs.27.22-32,Sea trout (Salmo trutta) in subdivisions 22-32 (Baltic Sea),Salmo trutta,Baltic Sea Ecoregion,2022,WGBAST
tsu.27.nea,"Roughsnout grenadier (Trachyrincus scabrus) in subareas 1-2, 4-8, 10, 12, 14 and Division 3a (Northeast Atlantic and Arctic Ocean)",Trachyrincus scabrus,"Arctic Ocean Ecoregion, Azores Ecoregion, Bay of Biscay and the Iberian Coast Ecoregion, Barents Sea Ecoregion, Celtic Seas Ecoregion, Faroes Ecoregion, Greenland Sea Ecoregion, Iceland Sea Ecoregion, Greater North Sea Ecoregion, Norwegian Sea Ecoregion, Oceanic Northeast Atlantic Ecoregion",2022,WGDEEP
tur.27.22-32,Turbot (Scophthalmus maximus) in Subdivisions 22-32 (Baltic Sea),Scophthalmus maximus,Baltic Sea Ecoregion,2022,WGBFAS
tur.27.3a,Turbot (Scophthalmus maximus) in Division 3.a (Skagerrak and Kattegat),Scophthalmus maximus,Greater North Sea Ecoregion,2022,WGNSSK
tur.27.4,Turbot (Scophthalmus maximus) in Subarea 4 (North Sea),Scophthalmus maximus,Greater North Sea Ecoregion,2022,WGNSSK
usk.27.1-2,Tusk (Brosme brosme) in subareas 1 and 2 (Northeast Arctic),Brosme brosme,"Arctic Ocean Ecoregion, Barents Sea Ecoregion, Norwegian Sea Ecoregion",2022,WGDEEP
usk.27.12ac,"Tusk (Brosme brosme) in Subarea 12, excluding Division 12.b (southern Mid-Atlantic Ridge)",Brosme brosme,"Greenland Sea Ecoregion, Iceland Sea Ecoregion, Oceanic Northeast Atlantic Ecoregion",2022,WGDEEP
usk.27.3a45b6a7-912b,"Tusk (Brosme brosme) in subareas 4 and 7-9 and divisions 3.a, 5.b, 6.a, and 12.b (Northeast Atlantic)",Brosme brosme,"Bay of Biscay and the Iberian Coast Ecoregion, Celtic Seas Ecoregion, Faroes Ecoregion, Iceland Sea Ecoregion, Greater North Sea Ecoregion, Oceanic Northeast Atlantic Ecoregion",2022,WGDEEP
usk.27.5a14,"Tusk (Brosme brosme) in Subarea 14 and Division 5.a (East Greenland, and Iceland grounds)",Brosme brosme,"Greenland Sea Ecoregion, Iceland Sea Ecoregion",2022,WGDEEP
usk.27.6b,Tusk (Brosme brosme) in Division 6.b (Rockall),Brosme brosme,"Celtic Seas Ecoregion, Oceanic Northeast Atlantic Ecoregion",2022,WGDEEP
whb.27.1-91214,"Blue whiting (Micromesistius poutassou) in subareas 1-9, 12, and 14 (Northeast Atlantic and adjacent waters)",Micromesistius poutassou,"Arctic Ocean Ecoregion, Bay of Biscay and the Iberian Coast Ecoregion, Barents Sea Ecoregion, Celtic Seas Ecoregion, Faroes Ecoregion, Greenland Sea Ecoregion, Iceland Sea Ecoregion, Greater North Sea Ecoregion, Norwegian Sea Ecoregion, Oceanic Northeast Atlantic Ecoregion",2022,WGWIDE
whg.27.3a,Whiting (Merlangius merlangus) in Division 3.a (Skagerrak and Kattegat),Merlangius merlangus,Greater North Sea Ecoregion,2022,WGNSSK
whg.27.47d,Whiting (Merlangius merlangus) in Subarea 4 and Division 7.d (North Sea and eastern English Channel),Merlangius merlangus,Greater North Sea Ecoregion,2022,WGNSSK
whg.27.6a,Whiting (Merlangius merlangus) in Division 6.a (West of Scotland),Merlangius merlangus,Celtic Seas Ecoregion,2022,WGCSE
whg.27.6b,Whiting (Merlangius merlangus) in Division 6.b (Rockall),Merlangius merlangus,"Celtic Seas Ecoregion, Faroes Ecoregion, Oceanic Northeast Atlantic Ecoregion",2022,WGCSE
whg.27.7a,Whiting (Merlangius merlangus) in Division 7.a (Irish Sea),Merlangius merlangus,Celtic Seas Ecoregion,2022,WGCSE
whg.27.7b-ce-k,Whiting (Merlangius merlangus) in divisions 7.b-c and 7.e-k (southern Celtic Seas and eastern English Channel),Merlangius merlangus,"Celtic Seas Ecoregion, Greater North Sea Ecoregion, Oceanic Northeast Atlantic Ecoregion",2022,WGCSE
whg.27.89a,Whiting (Merlangius merlangus) in Subarea 8 and Division 9.a (Bay of Biscay and Atlantic Iberian waters),Merlangius merlangus,"Bay of Biscay and the Iberian Coast Ecoregion, Oceanic Northeast Atlantic Ecoregion",2022,WGBIE
wit.27.3a47d,"Witch (Glyptocephalus cynoglossus) in Subarea 4 and divisions 3.a and 7.d (North Sea, Skagerrak and Kattegat, eastern English Channel)",Glyptocephalus cynoglossus,Greater North Sea Ecoregion,2022,WGNSSK

